-- crear roles
INSERT INTO roles (name) VALUES ('JUGADOR'),('CAPITAN_EQUIPO'),('ENTRENADOR'),('AGENDADOR_CANCHA');

-- crear paises
INSERT INTO countries (cell_prefix, name, iso_code) VALUES('93', 'Afganistán', 'AF'),('355', 'Albania', 'AL'),('213', 'Argelia', 'DZ'),('376', 'Andorra', 'AD'),('244', 'Angola', 'AO'),('54', 'Argentina', 'AR'),('374', 'Armenia', 'AM'),('61', 'Australia', 'AU'),('43', 'Austria', 'AT'),('994', 'Azerbaiyán', 'AZ'),('973', 'Baréin', 'BH'),('880', 'Bangladés', 'BD'),('375', 'Bielorrusia', 'BY'),('32', 'Bélgica', 'BE'),('591', 'Bolivia', 'BO'),('387', 'Bosnia y Herzegovina', 'BA'),('267', 'Botsuana', 'BW'),('55', 'Brasil', 'BR'),('359', 'Bulgaria', 'BG'),('226', 'Burkina Faso', 'BF'),('257', 'Burundi', 'BI'),('855', 'Camboya', 'KH'),('237', 'Camerún', 'CM'),('1', 'Canadá', 'CA'),('236', 'República Centroafricana', 'CF'),('56', 'Chile', 'CL'),('86', 'China', 'CN'),('57', 'Colombia', 'CO'),('506', 'Costa Rica', 'CR'),('385', 'Croacia', 'HR'),('53', 'Cuba', 'CU'),('357', 'Chipre', 'CY'),('420', 'Chequia', 'CZ'),('45', 'Dinamarca', 'DK'),('593', 'Ecuador', 'EC'),('20', 'Egipto', 'EG'),('503', 'El Salvador', 'SV'),('372', 'Estonia', 'EE'),('251', 'Etiopía', 'ET'),('679', 'Fiyi', 'FJ'),('358', 'Finlandia', 'FI'),('33', 'Francia', 'FR'),('995', 'Georgia', 'GE'),('49', 'Alemania', 'DE'),('233', 'Ghana', 'GH'),('30', 'Grecia', 'GR'),('502', 'Guatemala', 'GT'),('509', 'Haití', 'HT'),('504', 'Honduras', 'HN'),('36', 'Hungría', 'HU'),('354', 'Islandia', 'IS'),('91', 'India', 'IN'),('62', 'Indonesia', 'ID'),('98', 'Irán', 'IR'),('964', 'Irak', 'IQ'),('353', 'Irlanda', 'IE'),('972', 'Israel', 'IL'),('39', 'Italia', 'IT'),('81', 'Japón', 'JP'),('962', 'Jordania', 'JO'),('254', 'Kenia', 'KE'),('965', 'Kuwait', 'KW'),('371', 'Letonia', 'LV'),('961', 'Líbano', 'LB'),('370', 'Lituania', 'LT'),('352', 'Luxemburgo', 'LU'),('261', 'Madagascar', 'MG'),('60', 'Malasia', 'MY'),('223', 'Malí', 'ML'),('356', 'Malta', 'MT'),('52', 'México', 'MX'),('373', 'Moldavia', 'MD'),('377', 'Mónaco', 'MC'),('976', 'Mongolia', 'MN'),('212', 'Marruecos', 'MA'),('258', 'Mozambique', 'MZ'),('95', 'Birmania', 'MM'),('264', 'Namibia', 'NA'),('977', 'Nepal', 'NP'),('31', 'Países Bajos', 'NL'),('64', 'Nueva Zelanda', 'NZ'),('505', 'Nicaragua', 'NI'),('227', 'Níger', 'NE'),('234', 'Nigeria', 'NG'),('47', 'Noruega', 'NO'),('92', 'Pakistán', 'PK'),('507', 'Panamá', 'PA'),('595', 'Paraguay', 'PY'),('51', 'Perú', 'PE'),('63', 'Filipinas', 'PH'),('48', 'Polonia', 'PL'),('351', 'Portugal', 'PT'),('974', 'Catar', 'QA'),('40', 'Rumania', 'RO'),('7', 'Rusia', 'RU'),('250', 'Ruanda', 'RW'),('966', 'Arabia Saudita', 'SA'),('221', 'Senegal', 'SN'),('381', 'Serbia', 'RS'),('65', 'Singapur', 'SG'),('421', 'Eslovaquia', 'SK'),('386', 'Eslovenia', 'SI'),('27', 'Sudáfrica', 'ZA'),('82', 'Corea del Sur', 'KR'),('34', 'España', 'ES'),('94', 'Sri Lanka', 'LK'),('46', 'Suecia', 'SE'),('41', 'Suiza', 'CH'),('963', 'Siria', 'SY'),('886', 'Taiwán', 'TW'),('992', 'Tayikistán', 'TJ'),('255', 'Tanzania', 'TZ'),('66', 'Tailandia', 'TH'),('228', 'Togo', 'TG'),('216', 'Túnez', 'TN'),('90', 'Turquía', 'TR'),('993', 'Turkmenistán', 'TM'),('256', 'Uganda', 'UG'),('380', 'Ucrania', 'UA'),('971', 'Emiratos Árabes Unidos', 'AE'),('44', 'Reino Unido', 'GB'),('1', 'Estados Unidos', 'US'),('598', 'Uruguay', 'UY'),('998', 'Uzbekistán', 'UZ'),('58', 'Venezuela', 'VE'),('84', 'Vietnam', 'VN'),('260', 'Zambia', 'ZM'),('263', 'Zimbabue', 'ZW');


-- crear usuario inicial
INSERT INTO users (name,second_name,last_name,second_last_name,mobile_number,email,password,username,date_of_birth) VALUES ('jeiner','andrey','grijalba','de las tres cruces','573177388096','barcandres92@gmail.com','$2a$10$dIrOXqnQNxgMnZJnhHFD5Ombt/WNLTuAkhtqCgGlGurif6VohE7r.','userJeiner', '01/01/2025'), ('guilian','andrea','isaza','diosa','573148688564','guillanisaza@gmail.com','$2a$10$dIrOXqnQNxgMnZJnhHFD5Ombt/WNLTuAkhtqCgGlGurif6VohE7r.','userAndrea', '01/01/2025'), ('cristian','andres','blandon','guzman','573104657100','barcandres91@gmail.com','$2a$10$dIrOXqnQNxgMnZJnhHFD5Ombt/WNLTuAkhtqCgGlGurif6VohE7r.','userBlandon', '01/01/2025'), ('francia','viviana','muñoz','torres','573138957145','viviana_0927@gmail.com','$2a$10$dIrOXqnQNxgMnZJnhHFD5Ombt/WNLTuAkhtqCgGlGurif6VohE7r.','userFrancia', '01/01/2025');

-- se asignan roles
--INSERT INTO user_roles (role_id, user_id) VALUES (1,1),(2,1);

-- crear departamentos
INSERT INTO departments (id,name) VALUES (5,'ANTIOQUIA'),(8,'ATLÁNTICO'),(11,'BOGOTÁ, D.C.'),(13,'BOLÍVAR'),(15,'BOYACÁ'),(17,'CALDAS'),(18,'CAQUETÁ'),(19,'CAUCA'),(20,'CESAR'),(23,'CÓRDOBA'),(25,'CUNDINAMARCA'),(27,'CHOCÓ'),(41,'HUILA'),(44,'LA GUAJIRA'),(47,'MAGDALENA'),(50,'META'),(52,'NARIÑO'),(54,'NORTE DE SANTANDER'),(63,'QUINDIO'),(66,'RISARALDA'),(68,'SANTANDER'),(70,'SUCRE'),(73,'TOLIMA'),(76,'VALLE DEL CAUCA'),(81,'ARAUCA'),(85,'CASANARE'),(86,'PUTUMAYO'),(88,'ARCHIPIÉLAGO DE SAN ANDRÉS, PROVIDENCIA Y SANTA CATALINA'),(91,'AMAZONAS'),(94,'GUAINÍA'),(95,'GUAVIARE'),(97,'VAUPÉS'),(99,'VICHADA');

--crear ciudades
INSERT INTO cities (id,name,department_id) VALUES (1,'Abriaqui',5),(2,'Acacias',50),(3,'Acandi',27),(4,'Acevedo',41),(5,'Achi',13),(6,'Agrado',41),(7,'Agua de Dios',25),(8,'Aguachica',20),(9,'Aguada',68),(10,'Aguadas',17),(11,'Aguazul',85),(12,'Agustin Codazzi',20),(13,'Aipe',41),(14,'Albania',18),(15,'Albania',44),(16,'Albania',68),(17,'Alban',25),(18,'Alban (San Jose)',52),(19,'Alcala',76),(20,'Alejandria',5),(21,'Algarrobo',47),(22,'Algeciras',41),(23,'Almaguer',19),(24,'Almeida',15),(25,'Alpujarra',73),(26,'Altamira',41),(27,'Alto Baudo (Pie de Pato)',27),(28,'Altos del Rosario',13),(29,'Alvarado',73),(30,'Amaga',5),(31,'Amalfi',5),(32,'Ambalema',73),(33,'Anapoima',25),(34,'Ancuya',52),(35,'Andalucia',76),(36,'Andes',5),(37,'Angelopolis',5),(38,'Angostura',5),(39,'Anolaima',25),(40,'Anori',5),(41,'Anserma',17),(42,'Ansermanuevo',76),(43,'Anzoategui',73),(44,'Anza',5),(45,'Apartado',5),(46,'Apulo',25),(47,'Apia',66),(48,'Aquitania',15),(49,'Aracataca',47),(50,'Aranzazu',17),(51,'Aratoca',68),(52,'Arauca',81),(53,'Arauquita',81),(54,'Arbelaez',25),(55,'Arboleda (Berruecos)',52),(56,'Arboledas',54),(57,'Arboletes',5),(58,'Arcabuco',15),(59,'Arenal',13),(60,'Argelia',5),(61,'Argelia',19),(62,'Argelia',76),(63,'Ariguani (El Dificil)',47),(64,'Arjona',13),(65,'Armenia',5),(66,'Armenia',63),(67,'Armero (Guayabal)',73),(68,'Arroyohondo',13),(69,'Astrea',20),(70,'Ataco',73),(71,'Atrato (Yuto)',27),(72,'Ayapel',23),(73,'Bagado',27),(74,'Bahia Solano (Mutis)',27),(75,'Bajo Baudo (Pizarro)',27),(76,'Balboa',19),(77,'Balboa',66),(78,'Baranoa',8),(79,'Baraya',41),(80,'Barbacoas',52),(81,'Barbosa',5),(82,'Barbosa',68),(83,'Barichara',68),(84,'Barranca de Upia',50),(85,'Barrancabermeja',68),(86,'Barrancas',44),(87,'Barranco de Loba',13),(88,'Barranquilla',8),(89,'Becerril',20),(90,'Belalcazar',17),(91,'Bello',5),(92,'Belmira',5),(93,'Beltran',25),(94,'Belen',15),(95,'Belen',52),(96,'Belen de Bajira',27),(97,'Belen de Umbria',66),(98,'Belen de los Andaquies',18),(99,'Berbeo',15),(100,'Betania',5),(101,'Beteitiva',15),(102,'Betulia',5),(103,'Betulia',68),(104,'Bituima',25),(105,'Boavita',15),(106,'Bochalema',54),(107,'Bogota D.C.',11),(108,'Bojaca',25),(109,'Bojaya (Bellavista)',27),(110,'Bolivar',5),(111,'Bolivar',19),(112,'Bolivar',68),(113,'Bolivar',76),(114,'Bosconia',20),(115,'Boyaca',15),(116,'Briceño',5),(117,'Briceño',15),(118,'Bucaramanga',68),(119,'Bucarasica',54),(120,'Buenaventura',76),(121,'Buenavista',15),(122,'Buenavista',23),(123,'Buenavista',63),(124,'Buenavista',70),(125,'Buenos Aires',19),(126,'Buesaco',52),(127,'Buga',76),(128,'Bugalagrande',76),(129,'Buritica',5),(130,'Busbanza',15),(131,'Cabrera',25),(132,'Cabrera',68),(133,'Cabuyaro',50),(134,'Cachipay',25),(135,'Caicedo',5),(136,'Caicedonia',76),(137,'Caimito',70),(138,'Cajamarca',73),(139,'Cajibio',19),(140,'Cajica',25),(141,'Calamar',13),(142,'Calamar',95),(143,'Calarca',63),(144,'Caldas',5),(145,'Caldas',15),(146,'Caldono',19),(147,'California',68),(148,'Calima (Darien)',76),(149,'Caloto',19),(150,'Cali',76),(151,'Campamento',5),(152,'Campo de la Cruz',8),(153,'Campoalegre',41),(154,'Campohermoso',15),(155,'Canalete',23),(156,'Candelaria',8),(157,'Candelaria',76),(158,'Cantagallo',13),(159,'Canton de San Pablo',27),(160,'Caparrapi',25),(161,'Capitanejo',68),(162,'Caracoli',5),(163,'Caramanta',5),(164,'Carcasi',68),(165,'Carepa',5),(166,'Carmen de Apicala',73),(167,'Carmen de Carupa',25),(168,'Carmen de Viboral',5),(169,'Carmen del Darien (CURBARADo)',27),(170,'Carolina',5),(171,'Cartagena',13),(172,'Cartagena del Chaira',18),(173,'Cartago',76),(174,'Caruru',97),(175,'Casabianca',73),(176,'Castilla la Nueva',50),(177,'Caucasia',5),(178,'Cañasgordas',5),(179,'Cepita',68),(180,'Cerete',23),(181,'Cerinza',15),(182,'Cerrito',68),(183,'Cerro San Antonio',47),(184,'Chachagui',52),(185,'Chaguani',25),(186,'Chalan',70),(187,'Chaparral',73),(188,'Charala',68),(189,'Charta',68),(190,'Chigorodo',5),(191,'Chima',68),(192,'Chimichagua',20),(193,'Chima',23),(194,'Chinavita',15),(195,'Chinchina',17),(196,'Chinacota',54),(197,'Chinu',23),(198,'Chipaque',25),(199,'Chipata',68),(200,'Chiquinquira',15),(201,'Chiriguana',20),(202,'Chiscas',15),(203,'Chita',15),(204,'Chitaga',54),(205,'Chitaraque',15),(206,'Chivata',15),(207,'Chivolo',47),(208,'Choachi',25),(209,'Choconta',25),(210,'Chameza',85),(211,'Chia',25),(212,'Chiquiza',15),(213,'Chivor',15),(214,'Cicuco',13),(215,'Cimitarra',68),(216,'Circasia',63),(217,'Cisneros',5),(218,'Cienaga',15),(219,'Cienaga',47),(220,'Cienaga de Oro',23),(221,'Clemencia',13),(222,'Cocorna',5),(223,'Coello',73),(224,'Cogua',25),(225,'Colombia',41),(226,'Coloso (Ricaurte)',70),(227,'Colon',86),(228,'Colon (Genova)',52),(229,'Concepcion',5),(230,'Concepcion',68),(231,'Concordia',5),(232,'Concordia',47),(233,'Condoto',27),(234,'Confines',68),(235,'Consaca',52),(236,'Contadero',52),(237,'Contratacion',68),(238,'Convencion',54),(239,'Copacabana',5),(240,'Coper',15),(241,'Cordoba',63),(242,'Corinto',19),(243,'Coromoro',68),(244,'Corozal',70),(245,'Corrales',15),(246,'Cota',25),(247,'Cotorra',23),(248,'Covarachia',15),(249,'Coveñas',70),(250,'Coyaima',73),(251,'Cravo Norte',81),(252,'Cuaspud (Carlosama)',52),(253,'Cubarral',50),(254,'Cubara',15),(255,'Cucaita',15),(256,'Cucunuba',25),(257,'Cucutilla',54),(258,'Cuitiva',15),(259,'Cumaral',50),(260,'Cumaribo',99),(261,'Cumbal',52),(262,'Cumbitara',52),(263,'Cunday',73),(264,'Curillo',18),(265,'Curiti',68),(266,'Curumani',20),(267,'Caceres',5),(268,'Cachira',54),(269,'Cacota',54),(270,'Caqueza',25),(271,'Certegui',27),(272,'Combita',15),(273,'Cordoba',13),(274,'Cordoba',52),(275,'Cucuta',54),(276,'Dabeiba',5),(277,'Dagua',76),(278,'Dibulla',44),(279,'Distraccion',44),(280,'Dolores',73),(281,'Don Matias',5),(282,'Dos Quebradas',66),(283,'Duitama',15),(284,'Durania',54),(285,'Ebejico',5),(286,'El Bagre',5),(287,'El Banco',47),(288,'El Cairo',76),(289,'El Calvario',50),(290,'El Carmen',54),(291,'El Carmen',68),(292,'El Carmen de Atrato',27),(293,'El Carmen de Bolivar',13),(294,'El Castillo',50),(295,'El Cerrito',76),(296,'El Charco',52),(297,'El Cocuy',15),(298,'El Colegio',25),(299,'El Copey',20),(300,'El Doncello',18),(301,'El Dorado',50),(302,'El Dovio',76),(303,'El Espino',15),(304,'El Guacamayo',68),(305,'El Guamo',13),(306,'El Molino',44),(307,'El Paso',20),(308,'El Paujil',18),(309,'El Peñol',52),(310,'El Peñon',13),(311,'El Peñon',68),(312,'El Peñon',25),(313,'El Piñon',47),(314,'El Playon',68),(315,'El Retorno',95),(316,'El Reten',47),(317,'El Roble',70),(318,'El Rosal',25),(319,'El Rosario',52),(320,'El Tablon de Gomez',52),(321,'El Tambo',19),(322,'El Tambo',52),(323,'El Tarra',54),(324,'El Zulia',54),(325,'El aguila',76),(326,'Elias',41),(327,'Encino',68),(328,'Enciso',68),(329,'Entrerrios',5),(330,'Envigado',5),(331,'Espinal',73),(332,'Facatativa',25),(333,'Falan',73),(334,'Filadelfia',17),(335,'Filandia',63),(336,'Firavitoba',15),(337,'Flandes',73),(338,'Florencia',18),(339,'Florencia',19),(340,'Floresta',15),(341,'Florida',76),(342,'Floridablanca',68),(343,'Florian',68),(344,'Fonseca',44),(345,'Fortul',81),(346,'Fosca',25),(347,'Francisco Pizarro',52),(348,'Fredonia',5),(349,'Fresno',73),(350,'Frontino',5),(351,'Fuente de Oro',50),(352,'Fundacion',47),(353,'Funes',52),(354,'Funza',25),(355,'Fusagasuga',25),(356,'Fomeque',25),(357,'Fuquene',25),(358,'Gachala',25),(359,'Gachancipa',25),(360,'Gachantiva',15),(361,'Gacheta',25),(362,'Galapa',8),(363,'Galeras (Nueva Granada)',70),(364,'Galan',68),(365,'Gama',25),(366,'Gamarra',20),(367,'Garagoa',15),(368,'Garzon',41),(369,'Gigante',41),(370,'Ginebra',76),(371,'Giraldo',5),(372,'Girardot',25),(373,'Girardota',5),(374,'Giron',68),(375,'Gonzalez',20),(376,'Gramalote',54),(377,'Granada',5),(378,'Granada',25),(379,'Granada',50),(380,'Guaca',68),(381,'Guacamayas',15),(382,'Guacari',76),(383,'Guachaves',52),(384,'Guachene',19),(385,'Guacheta',25),(386,'Guachucal',52),(387,'Guadalupe',5),(388,'Guadalupe',41),(389,'Guadalupe',68),(390,'Guaduas',25),(391,'Guaitarilla',52),(392,'Gualmatan',52),(393,'Guamal',47),(394,'Guamal',50),(395,'Guamo',73),(396,'Guapota',68),(397,'Guapi',19),(398,'Guaranda',70),(399,'Guarne',5),(400,'Guasca',25),(401,'Guatape',5),(402,'Guataqui',25),(403,'Guatavita',25),(404,'Guateque',15),(405,'Guavata',68),(406,'Guayabal de Siquima',25),(407,'Guayabetal',25),(408,'Guayata',15),(409,'Guepsa',68),(410,'Guican',15),(411,'Gutierrez',25),(412,'Guatica',66),(413,'Gambita',68),(414,'Gameza',15),(415,'Genova',63),(416,'Gomez Plata',5),(417,'Hacari',54),(418,'Hatillo de Loba',13),(419,'Hato',68),(420,'Hato Corozal',85),(421,'Hatonuevo',44),(422,'Heliconia',5),(423,'Herran',54),(424,'Herveo',73),(425,'Hispania',5),(426,'Hobo',41),(427,'Honda',73),(428,'Ibague',73),(429,'Icononzo',73),(430,'Iles',52),(431,'Imues',52),(432,'Inza',19),(433,'Inirida',94),(434,'Ipiales',52),(435,'Isnos',41),(436,'Istmina',27),(437,'Itagüi',5),(438,'Ituango',5),(439,'Iza',15),(440,'Jambalo',19),(441,'Jamundi',76),(442,'Jardin',5),(443,'Jenesano',15),(444,'Jerico',5),(445,'Jerico',15),(446,'Jerusalen',25),(447,'Jesus Maria',68),(448,'Jordan',68),(449,'Juan de Acosta',8),(450,'Junin',25),(451,'Jurado',27),(452,'La Apartada y La Frontera',23),(453,'La Argentina',41),(454,'La Belleza',68),(455,'La Calera',25),(456,'La Capilla',15),(457,'La Ceja',5),(458,'La Celia',66),(459,'La Cruz',52),(460,'La Cumbre',76),(461,'La Dorada',17),(462,'La Esperanza',54),(463,'La Estrella',5),(464,'La Florida',52),(465,'La Gloria',20),(466,'La Jagua de Ibirico',20),(467,'La Jagua del Pilar',44),(468,'La Llanada',52),(469,'La Macarena',50),(470,'La Merced',17),(471,'La Mesa',25),(472,'La Montañita',18),(473,'La Palma',25),(474,'La Paz',68),(475,'La Paz (Robles)',20),(476,'La Peña',25),(477,'La Pintada',5),(478,'La Plata',41),(479,'La Playa',54),(480,'La Primavera',99),(481,'La Salina',85),(482,'La Sierra',19),(483,'La Tebaida',63),(484,'La Tola',52),(485,'La Union',5),(486,'La Union',52),(487,'La Union',70),(488,'La Union',76),(489,'La Uvita',15),(490,'La Vega',19),(491,'La Vega',25),(492,'La Victoria',15),(493,'La Victoria',17),(494,'La Victoria',76),(495,'La Virginia',66),(496,'Labateca',54),(497,'Labranzagrande',15),(498,'Landazuri',68),(499,'Lebrija',68),(500,'Leiva',52),(501,'Lejanias',50),(502,'Lenguazaque',25),(503,'Leticia',91),(504,'Liborina',5),(505,'Linares',52),(506,'Lloro',27),(507,'Lorica',23),(508,'Los Cordobas',23),(509,'Los Palmitos',70),(510,'Los Patios',54),(511,'Los Santos',68),(512,'Lourdes',54),(513,'Luruaco',8),(514,'Lerida',73),(515,'Libano',73),(516,'Lopez (Micay)',19),(517,'Macanal',15),(518,'Macaravita',68),(519,'Maceo',5),(520,'Macheta',25),(521,'Madrid',25),(522,'Magangue',13),(523,'Magüi (Payan)',52),(524,'Mahates',13),(525,'Maicao',44),(526,'Majagual',70),(527,'Malambo',8),(528,'Mallama (Piedrancha)',52),(529,'Manati',8),(530,'Manaure',44),(531,'Manaure Balcon del Cesar',20),(532,'Manizales',17),(533,'Manta',25),(534,'Manzanares',17),(535,'Mani',85),(536,'Mapiripan',50),(537,'Margarita',13),(538,'Marinilla',5),(539,'Maripi',15),(540,'Mariquita',73),(541,'Marmato',17),(542,'Marquetalia',17),(543,'Marsella',66),(544,'Marulanda',17),(545,'Maria la Baja',13),(546,'Matanza',68),(547,'Medellin',5),(548,'Medina',25),(549,'Medio Atrato',27),(550,'Medio Baudo',27),(551,'Medio San Juan (ANDAGOYA)',27),(552,'Melgar',73),(553,'Mercaderes',19),(554,'Mesetas',50),(555,'Milan',18),(556,'Miraflores',15),(557,'Miraflores',95),(558,'Miranda',19),(559,'Mistrato',66),(560,'Mitu',97),(561,'Mocoa',86),(562,'Mogotes',68),(563,'Molagavita',68),(564,'Momil',23),(565,'Mompos',13),(566,'Mongua',15),(567,'Mongui',15),(568,'Moniquira',15),(569,'Montebello',5),(570,'Montecristo',13),(571,'Montelibano',23),(572,'Montenegro',63),(573,'Monteria',23),(574,'Monterrey',85),(575,'Morales',13),(576,'Morales',19),(577,'Morelia',18),(578,'Morroa',70),(579,'Mosquera',25),(580,'Mosquera',52),(581,'Motavita',15),(582,'Moñitos',23),(583,'Murillo',73),(584,'Murindo',5),(585,'Mutata',5),(586,'Mutiscua',54),(587,'Muzo',15),(588,'Malaga',68),(589,'Nariño',5),(590,'Nariño',25),(591,'Nariño',52),(592,'Natagaima',73),(593,'Nechi',5),(594,'Necocli',5),(595,'Neira',17),(596,'Neiva',41),(597,'Nemocon',25),(598,'Nilo',25),(599,'Nimaima',25),(600,'Nobsa',15),(601,'Nocaima',25),(602,'Norcasia',17),(603,'Norosi',13),(604,'Novita',27),(605,'Nueva Granada',47),(606,'Nuevo Colon',15),(607,'Nunchia',85),(608,'Nuqui',27),(609,'Nataga',41),(610,'Obando',76),(611,'Ocamonte',68),(612,'Ocaña',54),(613,'Oiba',68),(614,'Oicata',15),(615,'Olaya',5),(616,'Olaya Herrera',52),(617,'Onzaga',68),(618,'Oporapa',41),(619,'Orito',86),(620,'Orocue',85),(621,'Ortega',73),(622,'Ospina',52),(623,'Otanche',15),(624,'Ovejas',70),(625,'Pachavita',15),(626,'Pacho',25),(627,'Padilla',19),(628,'Paicol',41),(629,'Pailitas',20),(630,'Paime',25),(631,'Paipa',15),(632,'Pajarito',15),(633,'Palermo',41),(634,'Palestina',17),(635,'Palestina',41),(636,'Palmar',68),(637,'Palmar de Varela',8),(638,'Palmas del Socorro',68),(639,'Palmira',76),(640,'Palmito',70),(641,'Palocabildo',73),(642,'Pamplona',54),(643,'Pamplonita',54),(644,'Pandi',25),(645,'Panqueba',15),(646,'Paratebueno',25),(647,'Pasca',25),(648,'Patia (El Bordo)',19),(649,'Pauna',15),(650,'Paya',15),(651,'Paz de Ariporo',85),(652,'Paz de Rio',15),(653,'Pedraza',47),(654,'Pelaya',20),(655,'Pensilvania',17),(656,'Peque',5),(657,'Pereira',66),(658,'Pesca',15),(659,'Peñol',5),(660,'Piamonte',19),(661,'Pie de Cuesta',68),(662,'Piedras',73),(663,'Piendamo',19),(664,'Pijao',63),(665,'Pijiño',47),(666,'Pinchote',68),(667,'Pinillos',13),(668,'Piojo',8),(669,'Pisva',15),(670,'Pital',41),(671,'Pitalito',41),(672,'Pivijay',47),(673,'Planadas',73),(674,'Planeta Rica',23),(675,'Plato',47),(676,'Policarpa',52),(677,'Polonuevo',8),(678,'Ponedera',8),(679,'Popayan',19),(680,'Pore',85),(681,'Potosi',52),(682,'Pradera',76),(683,'Prado',73),(684,'Providencia',52),(685,'Providencia',88),(686,'Pueblo Bello',20),(687,'Pueblo Nuevo',23),(688,'Pueblo Rico',66),(689,'Pueblorrico',5),(690,'Puebloviejo',47),(691,'Puente Nacional',68),(692,'Puerres',52),(693,'Puerto Asis',86),(694,'Puerto Berrio',5),(695,'Puerto Boyaca',15),(696,'Puerto Caicedo',86),(697,'Puerto Carreño',99),(698,'Puerto Colombia',8),(699,'Puerto Concordia',50),(700,'Puerto Escondido',23),(701,'Puerto Gaitan',50),(702,'Puerto Guzman',86),(703,'Puerto Leguizamo',86),(704,'Puerto Libertador',23),(705,'Puerto Lleras',50),(706,'Puerto Lopez',50),(707,'Puerto Nare',5),(708,'Puerto Nariño',91),(709,'Puerto Parra',68),(710,'Puerto Rico',18),(711,'Puerto Rico',50),(712,'Puerto Rondon',81),(713,'Puerto Salgar',25),(714,'Puerto Santander',54),(715,'Puerto Tejada',19),(716,'Puerto Triunfo',5),(717,'Puerto Wilches',68),(718,'Puli',25),(719,'Pupiales',52),(720,'Purace (Coconuco)',19),(721,'Purificacion',73),(722,'Purisima',23),(723,'Pacora',17),(724,'Paez',15),(725,'Paez (Belalcazar)',19),(726,'Paramo',68),(727,'Quebradanegra',25),(728,'Quetame',25),(729,'Quibdo',27),(730,'Quimbaya',63),(731,'Quinchia',66),(732,'Quipama',15),(733,'Quipile',25),(734,'Ragonvalia',54),(735,'Ramiriqui',15),(736,'Recetor',85),(737,'Regidor',13),(738,'Remedios',5),(739,'Remolino',47),(740,'Repelon',8),(741,'Restrepo',50),(742,'Restrepo',76),(743,'Retiro',5),(744,'Ricaurte',25),(745,'Ricaurte',52),(746,'Rio Negro',68),(747,'Rioblanco',73),(748,'Riofrio',76),(749,'Riohacha',44),(750,'Risaralda',17),(751,'Rivera',41),(752,'Roberto Payan (San Jose)',52),(753,'Roldanillo',76),(754,'Roncesvalles',73),(755,'Rondon',15),(756,'Rosas',19),(757,'Rovira',73),(758,'Raquira',15),(759,'Rio Iro',27),(760,'Rio Quito',27),(761,'Rio Sucio',17),(762,'Rio Viejo',13),(763,'Rio de oro',20),(764,'Rionegro',5),(765,'Riosucio',27),(766,'Sabana de Torres',68),(767,'Sabanagrande',8),(768,'Sabanalarga',5),(769,'Sabanalarga',8),(770,'Sabanalarga',85),(771,'Sabanas de San Angel (SAN ANGEL)',47),(772,'Sabaneta',5),(773,'Saboya',15),(774,'Sahagun',23),(775,'Saladoblanco',41),(776,'Salamina',17),(777,'Salamina',47),(778,'Salazar',54),(779,'Saldaña',73),(780,'Salento',63),(781,'Salgar',5),(782,'Samaca',15),(783,'Samaniego',52),(784,'Samana',17),(785,'Sampues',70),(786,'San Agustin',41),(787,'San Alberto',20),(788,'San Andres',68),(789,'San Andres Sotavento',23),(790,'San Andres de Cuerquia',5),(791,'San Antero',23),(792,'San Antonio',73),(793,'San Antonio de Tequendama',25),(794,'San Benito',68),(795,'San Benito Abad',70),(796,'San Bernardo',25),(797,'San Bernardo',52),(798,'San Bernardo del Viento',23),(799,'San Calixto',54),(800,'San Carlos',5),(801,'San Carlos',23),(802,'San Carlos de Guaroa',50),(803,'San Cayetano',25),(804,'San Cayetano',54),(805,'San Cristobal',13),(806,'San Diego',20),(807,'San Eduardo',15),(808,'San Estanislao',13),(809,'San Fernando',13),(810,'San Francisco',5),(811,'San Francisco',25),(812,'San Francisco',86),(813,'San Gil',68),(814,'San Jacinto',13),(815,'San Jacinto del Cauca',13),(816,'San Jeronimo',5),(817,'San Joaquin',68),(818,'San Jose',17),(819,'San Jose de Miranda',68),(820,'San Jose de Montaña',5),(821,'San Jose de Pare',15),(822,'San Jose de Ure',23),(823,'San Jose del Fragua',18),(824,'San Jose del Guaviare',95),(825,'San Jose del Palmar',27),(826,'San Juan de Arama',50),(827,'San Juan de Betulia',70),(828,'San Juan de Nepomuceno',13),(829,'San Juan de Pasto',52),(830,'San Juan de Rio Seco',25),(831,'San Juan de Uraba',5),(832,'San Juan del Cesar',44),(833,'San Juanito',50),(834,'San Lorenzo',52),(835,'San Luis',73),(836,'San Luis',5),(837,'San Luis de Gaceno',15),(838,'San Luis de Palenque',85),(839,'San Marcos',70),(840,'San Martin',20),(841,'San Martin',50),(842,'San Martin de Loba',13),(843,'San Mateo',15),(844,'San Miguel',68),(845,'San Miguel',86),(846,'San Miguel de Sema',15),(847,'San Onofre',70),(848,'San Pablo',13),(849,'San Pablo',52),(850,'San Pablo de Borbur',15),(851,'San Pedro',5),(852,'San Pedro',70),(853,'San Pedro',76),(854,'San Pedro de Cartago',52),(855,'San Pedro de Uraba',5),(856,'San Pelayo',23),(857,'San Rafael',5),(858,'San Roque',5),(859,'San Sebastian',19),(860,'San Sebastian de Buenavista',47),(861,'San Vicente',5),(862,'San Vicente del Caguan',18),(863,'San Vicente del Chucuri',68),(864,'San Zenon',47),(865,'Sandona',52),(866,'Santa Ana',47),(867,'Santa Barbara',5),(868,'Santa Barbara',68),(869,'Santa Barbara (Iscuande)',52),(870,'Santa Barbara de Pinto',47),(871,'Santa Catalina',13),(872,'Santa Fe de Antioquia',5),(873,'Santa Genoveva de Docorodo',27),(874,'Santa Helena del Opon',68),(875,'Santa Isabel',73),(876,'Santa Lucia',8),(877,'Santa Marta',47),(878,'Santa Maria',15),(879,'Santa Maria',41),(880,'Santa Rosa',13),(881,'Santa Rosa',19),(882,'Santa Rosa de Cabal',66),(883,'Santa Rosa de Osos',5),(884,'Santa Rosa de Viterbo',15),(885,'Santa Rosa del Sur',13),(886,'Santa Rosalia',99),(887,'Santa Sofia',15),(888,'Santana',15),(889,'Santander de Quilichao',19),(890,'Santiago',54),(891,'Santiago',86),(892,'Santo Domingo',5),(893,'Santo Tomas',8),(894,'Santuario',5),(895,'Santuario',66),(896,'Sapuyes',52),(897,'Saravena',81),(898,'Sardinata',54),(899,'Sasaima',25),(900,'Sativanorte',15),(901,'Sativasur',15),(902,'Segovia',5),(903,'Sesquile',25),(904,'Sevilla',76),(905,'Siachoque',15),(906,'Sibate',25),(907,'Sibundoy',86),(908,'Silos',54),(909,'Silvania',25),(910,'Silvia',19),(911,'Simacota',68),(912,'Simijaca',25),(913,'Simiti',13),(914,'Sincelejo',70),(915,'Since',70),(916,'Sipi',27),(917,'Sitionuevo',47),(918,'Soacha',25),(919,'Soata',15),(920,'Socha',15),(921,'Socorro',68),(922,'Socota',15),(923,'Sogamoso',15),(924,'Solano',18),(925,'Soledad',8),(926,'Solita',18),(927,'Somondoco',15),(928,'Sonson',5),(929,'Sopetran',5),(930,'Soplaviento',13),(931,'Sopo',25),(932,'Sora',15),(933,'Soraca',15),(934,'Sotaquira',15),(935,'Sotara (Paispamba)',19),(936,'Sotomayor (Los Andes)',52),(937,'Suaita',68),(938,'Suan',8),(939,'Suaza',41),(940,'Subachoque',25),(941,'Sucre',19),(942,'Sucre',68),(943,'Sucre',70),(944,'Suesca',25),(945,'Supata',25),(946,'Supia',17),(947,'Surata',68),(948,'Susa',25),(949,'Susacon',15),(950,'Sutamarchan',15),(951,'Sutatausa',25),(952,'Sutatenza',15),(953,'Suarez',19),(954,'Suarez',73),(955,'Sacama',85),(956,'Sachica',15),(957,'Tabio',25),(958,'Tado',27),(959,'Talaigua Nuevo',13),(960,'Tamalameque',20),(961,'Tame',81),(962,'Taminango',52),(963,'Tangua',52),(964,'Taraira',97),(965,'Taraza',5),(966,'Tarqui',41),(967,'Tarso',5),(968,'Tasco',15),(969,'Tauramena',85),(970,'Tausa',25),(971,'Tello',41),(972,'Tena',25),(973,'Tenerife',47),(974,'Tenjo',25),(975,'Tenza',15),(976,'Teorama',54),(977,'Teruel',41),(978,'Tesalia',41),(979,'Tibacuy',25),(980,'Tibana',15),(981,'Tibasosa',15),(982,'Tibirita',25),(983,'Tibu',54),(984,'Tierralta',23),(985,'Timana',41),(986,'Timbiqui',19),(987,'Timbio',19),(988,'Tinjaca',15),(989,'Tipacoque',15),(990,'Tiquisio (Puerto Rico)',13),(991,'Titiribi',5),(992,'Toca',15),(993,'Tocaima',25),(994,'Tocancipa',25),(995,'Togui',15),(996,'Toledo',5),(997,'Toledo',54),(998,'Tolu',70),(999,'Tolu Viejo',70),(1000,'Tona',68),(1001,'Topaga',15),(1002,'Topaipi',25),(1003,'Toribio',19),(1004,'Toro',76),(1005,'Tota',15),(1006,'Totoro',19),(1007,'Trinidad',85),(1008,'Trujillo',76),(1009,'Tubara',8),(1010,'Tuchin',23),(1011,'Tulua',76),(1012,'Tumaco',52),(1013,'Tunja',15),(1014,'Tunungua',15),(1015,'Turbaco',13),(1016,'Turbana',13),(1017,'Turbo',5),(1018,'Turmeque',15),(1019,'Tuta',15),(1020,'Tutasa',15),(1021,'Tamara',85),(1022,'Tamesis',5),(1023,'Tuquerres',52),(1024,'Ubala',25),(1025,'Ubaque',25),(1026,'Ubate',25),(1027,'Ulloa',76),(1028,'Une',25),(1029,'Unguia',27),(1030,'Union Panamericana (aNIMAS)',27),(1031,'Uramita',5),(1032,'Uribe',50),(1033,'Uribia',44),(1034,'Urrao',5),(1035,'Urumita',44),(1036,'Usiacuri',8),(1037,'Valdivia',5),(1038,'Valencia',23),(1039,'Valle de San Jose',68),(1040,'Valle de San Juan',73),(1041,'Valle del Guamuez',86),(1042,'Valledupar',20),(1043,'Valparaiso',5),(1044,'Valparaiso',18),(1045,'Vegachi',5),(1046,'Venadillo',73),(1047,'Venecia',5),(1048,'Venecia (Ospina Perez)',25),(1049,'Ventaquemada',15),(1050,'Vergara',25),(1051,'Versalles',76),(1052,'Vetas',68),(1053,'Viani',25),(1054,'Vigia del Fuerte',5),(1055,'Vijes',76),(1056,'Villa Caro',54),(1057,'Villa Rica',19),(1058,'Villa de Leiva',15),(1059,'Villa del Rosario',54),(1060,'Villagarzon',86),(1061,'Villagomez',25),(1062,'Villahermosa',73),(1063,'Villamaria',17),(1064,'Villanueva',13),(1065,'Villanueva',44),(1066,'Villanueva',68),(1067,'Villanueva',85),(1068,'Villapinzon',25),(1069,'Villarrica',73),(1070,'Villavicencio',50),(1071,'Villavieja',41),(1072,'Villeta',25),(1073,'Viota',25),(1074,'Viracacha',15),(1075,'Vista Hermosa',50),(1076,'Viterbo',17),(1077,'Velez',68),(1078,'Yacopi',25),(1079,'Yacuanquer',52),(1080,'Yaguara',41),(1081,'Yali',5),(1082,'Yarumal',5),(1083,'Yolombo',5),(1084,'Yondo (Casabe)',5),(1085,'Yopal',85),(1086,'Yotoco',76),(1087,'Yumbo',76),(1088,'Zambrano',13),(1089,'Zapatoca',68),(1090,'Zapayan (PUNTA DE PIEDRAS)',47),(1091,'Zaragoza',5),(1092,'Zarzal',76),(1093,'Zetaquira',15),(1094,'Zipacon',25),(1095,'Zipaquira',25),(1096,'Zona Bananera (PRADO - SEVILLA)',47),(1097,'abrego',54),(1098,'iquira',41),(1099,'umbita',15),(1100,'utica',25);

-- crear zonas
INSERT INTO zones (id,name) VALUES (1,'Norte'),(2,'Sur'),(3,'Oriente'),(4,'Occidente'),(5,'Centro'),(6,'Nororiente'),(7,'Suroriente'),(8,'Noroccidente'),(9,'Suroccidente');

-- crear posiciones jugadores
INSERT INTO position_players (id,name) VALUES (1,'Portero'),(2,'Defensa central'),(3,'Lateral'),(4,'Volante defensivo'),(5,'Volante ofensivo'),(6,'Extremo'),(7,'Centro delantero');

-- crear pie dominante
INSERT INTO dominant_foot (id,name) VALUES (1,'Derecho'),(2,'Izquierdo'),(3,'Ambidiestro');

-- crear equipos
INSERT INTO teams (name,zone_id,city_id,owner_user_id) VALUES ('Los cebos de play',3,4,1),('depor cali',3,4,1);

-- crear perfil de jugador
INSERT INTO players_profile (city_id,dominant_foot_id, position_player_id,stature,user_id,weight,zone_id,nickname) VALUES (1,1,1,170,1,80,1,'golpiMaster');
INSERT INTO players_profile (city_id,dominant_foot_id, position_player_id,stature,user_id,weight,zone_id,nickname) VALUES (1,1,3,170,2,80,1,'oliverAtom');

-- asignar jugador a equipos
INSERT INTO team_players (player_id, team_id) VALUES (1,1),(1,2),(2,2);

-- asignar un establecimiento
INSERT INTO establishments (city_id, department_id, owner_user_id, id, mobile_number, name, address) VALUES (150, 76, 2, 'fa679ef7-697d-4345-a5fc-04e88e69437b', 3148688564, 'GolpiGroup', 'Cra 83c'), (150, 76, 4, '5a08f837-f2f3-472e-9365-d09da32f2efb', 573138957145, 'GolpiGroup2', 'Cra 83c');

-- crear cancha 
INSERT INTO fields (id, establishment_id, name, capacity, is_available, is_roofed) VALUES ('b35b9201-6506-4a09-82fb-7ab2ab0523e7','fa679ef7-697d-4345-a5fc-04e88e69437b', 'Cancha 1', '10', true, false),('2347e40e-57e1-4bf5-8f8f-b315e691939c','fa679ef7-697d-4345-a5fc-04e88e69437b', 'Cancha 2', '10', true, false); 